album,mean
808s & Heartbreak,3.9000000953674316
Graduation,3.9000000953674316
Jesus is King,3.9000000953674316
Kids See Ghosts,3.9000000953674316
Late Registration,3.9000000953674316
My Beautiful Dark Twisted Fantasy,3.9000000953674316
The College Dropout,3.9000000953674316
The Life of Pablo,3.9000000953674316
Watch the Throne,3.9000000953674316
Yeezus,3.9000000953674316
ye,3.9000000953674316
