album,mean
808s & Heartbreak,-0.10737405404875285
Graduation,-0.09578138528938132
Jesus is King,0.0752589285644282
Kids See Ghosts,0.04259309348724636
Late Registration,-0.12128476470125742
My Beautiful Dark Twisted Fantasy,-0.14486786795337203
The College Dropout,-0.1703220676982662
The Life of Pablo,-0.09572419466914421
Watch the Throne,-0.14779203343029368
Yeezus,-0.19773385532027069
ye,-0.13487395246614928
